,Comparison,Z,P.unadj,P.adj
1,0 - 1,-0.204974827,0.837591793,1
2,0 - 2,-0.55694525,0.577564837,1
3,1 - 2,-0.755162879,0.450151258,1
4,0 - 3,-2.383077317,0.017168588,0.103011528
5,1 - 3,-6.249562014,4.12E-10,2.47E-09
6,2 - 3,-4.636384562,3.55E-06,2.13E-05
