,Comparison,Z,P.unadj,P.adj
1,0 - 1,-0.546873531,0.584465622,1
2,0 - 2,-1.274468121,0.202497563,1
3,1 - 2,-1.564459556,0.117709684,0.706258102
4,0 - 3,-3.114056986,0.001845338,0.011072031
5,1 - 3,-7.323177843,2.42E-13,1.45E-12
6,2 - 3,-4.555514511,5.23E-06,3.14E-05
