,Comparison,Z,P.unadj,P.adj
1,0 - 1,-0.362592154,0.716909572,1
2,0 - 2,-0.833795179,0.404396412,1
3,1 - 2,-1.013403035,0.31086769,1
4,0 - 3,-2.635274204,0.008406934,0.050441603
5,1 - 3,-6.500104939,8.03E-11,4.82E-10
6,2 - 3,-4.527939495,5.96E-06,3.57E-05
