,Comparison,Z,P.unadj,P.adj
1,0 - 1,-1.494444904,0.135059372,0.810356233
2,0 - 2,-2.748383416,0.005988993,0.035933958
3,1 - 2,-2.711361191,0.006700759,0.040204554
4,0 - 3,-4.101505021,4.10E-05,0.000246283
5,1 - 3,-7.305390678,2.76E-13,1.66E-12
6,2 - 3,-3.058832299,0.002222015,0.01333209
