,Comparison,Z,P.unadj,P.adj
1,0 - 1,-0.393598559,0.693877445,1
2,0 - 2,-0.400760902,0.688596167,1
3,1 - 2,-0.02606806,0.979203053,1
4,0 - 3,-1.498303109,0.134054517,0.8043271
5,1 - 3,-3.12912392,0.001753283,0.010519701
6,2 - 3,-2.775914309,0.005504671,0.033028029
