,Comparison,Z,P.unadj,P.adj
1,0 - 1,-0.140337262,0.888393525,1
2,0 - 2,-0.609840625,0.541967387,1
3,1 - 2,-1.003676235,0.315534696,1
4,0 - 3,-2.428760611,0.015150532,0.090903193
5,1 - 3,-6.576610488,4.81E-11,2.89E-10
6,2 - 3,-4.609189918,4.04E-06,2.43E-05
